id,first_name,last_name,email,phone,created_at,login_date,tier
39b6e89a-5202-4f50-b1a4-82edbf5bb0cb,Wing,Chan,wingchan83@gmail.com,11234567,2024-01-15 09:23:45,2025-04-01 14:22:18,basic
5ab83c04-8b8f-44f4-a344-c824edbfb91d,Siu Ming,Wong,siuwong@yahoo.com.hk,18765432,2024-01-18 14:12:33,2025-04-02 08:45:32,premium
93b34553-be42-4713-a4af-fce68aac2b55,Ka Yan,Lam,kayan.lam@outlook.com,17891234,2024-01-22 10:45:12,2025-04-05 19:34:21,basic
6f9ee9bc-7739-4c0f-8c30-a2eb44f7e934,Hoi Ting,Ng,hoiting_ng@gmail.com,16781234,2024-01-25 16:33:27,2025-03-28 12:12:45,basic
0c74fb07-7c2a-4a16-bf99-4f20bb238c50,Chun Ho,Leung,chunho.leung@hkbn.net,13451278,2024-01-29 08:15:43,2025-04-07 15:23:11,vip
b8dc1750-f876-4da3-9ae1-f7fe997a98bd,Man Yee,Cheung,manyee22@gmail.com,12349876,2024-02-03 11:22:18,2025-04-09 17:18:22,basic
3354b80b-60ec-46f8-847d-ff3684f716d9,Wai Lun,Tsang,wailun.tsang@netvigator.com,15123678,2024-02-07 14:56:32,2025-04-01 10:11:09,basic
083e6451-4c70-48c5-9929-8198d56b2f33,Yuen Ting,Yu,yuenting.yu@gmail.com,11875432,2024-02-10 09:11:44,2025-03-30 09:45:28,premium
cc53b448-7d2d-406c-ae56-f0bcf989db13,Chin Pang,Li,cpli1988@yahoo.com.hk,14561238,2024-02-14 17:23:09,2025-04-10 11:33:45,basic
85bf97ca-5d53-47ed-8f6d-fcf20d37bfea,Yee Man,Yeung,yeeman.yeung@outlook.com,11234789,2024-02-17 12:45:22,2025-03-25 14:22:37,basic
be15a1cb-ae2a-40c0-be6f-3190963fffb5,Tak Wah,Tse,takwah_tse@gmail.com,13456712,2024-02-21 08:34:17,2025-04-12 16:17:29,premium
0ef65ae7-af3f-449f-9356-8594e6b51a5f,Lai Ping,Ho,laiping.ho@hkbn.net,16781234,2024-02-25 15:12:33,2025-04-06 08:45:11,basic
f19fb4bc-cfb9-4f2e-a45e-b1218e67f758,Wing Cheong,Tang,wingtang@gmail.com,12345671,2024-02-29 10:56:44,2025-04-11 13:22:56,basic
87dcacff-02f3-4114-8b9d-1348099e4e18,Chi Yan,Yeung,chiyan1990@yahoo.com.hk,14321987,2024-03-04 13:18:29,2025-04-14 09:34:23,vip
51a385fc-a2b4-4716-a460-33b49db86101,Man Kin,Lau,mankin.lau@netvigator.com,15671234,2024-03-08 16:45:12,2025-04-03 18:45:09,basic
ba59bc29-f8e4-4e98-a61b-db8884f2e42f,Sum Yi,Choi,sumyi.choi@gmail.com,11234876,2024-03-12 09:34:27,2025-04-08 11:11:11,basic
1984d8a7-3e28-4286-bd9d-d6cc64e6fe7e,Mei Lin,Lee,meilee@yahoo.com.hk,17894512,2024-03-15 14:23:18,2025-04-13 15:27:33,premium
ba2562c8-8f38-4e2a-9a04-acb63e881baf,Ho Ming,Fung,homing.fung@outlook.com,13456789,2024-03-19 11:56:32,2025-03-27 10:08:44,basic
d83460a0-33dc-432b-ac50-235c98791f2d,Siu Wai,Wong,siuwai_wong@gmail.com,16543218,2024-03-23 18:12:43,2025-04-09 16:33:22,basic
a6804088-9644-44e6-9620-bca20026443b,Ming Fai,Chan,mingfai1995@hkbn.net,11872345,2024-03-27 10:34:16,2025-04-04 09:45:17,vip
df448ca3-a0db-44a2-97f1-885750f81958,John,Wong,john.wong@gmail.com,11234568,2024-03-31 15:22:44,2025-04-11 14:11:29,basic
b8e7e3a1-9d06-46c9-b5c4-10cad88d6770,Michelle,Lam,michelle_lam@yahoo.com.hk,18761432,2024-04-04 08:45:19,2025-04-12 17:23:45,premium
07493a33-3a75-421b-aeea-14af3a7e185d,Kenneth,Ng,kenneth.ng@outlook.com,17891235,2024-04-08 13:11:22,2025-03-29 09:34:18,basic
28f6f688-ebd5-4a0a-8ff6-3382b90c2123,Jessica,Leung,jessicaleung@gmail.com,16781235,2024-04-12 16:34:39,2025-04-14 12:45:33,basic
a501b6d9-737c-4d32-912a-3b36b8da6f6b,Raymond,Cheung,raymond.cheung@hkbn.net,13451279,2024-04-16 09:56:11,2025-04-08 16:56:22,premium
92f176ea-1d14-4b2e-b268-e85750b39f79,Emily,Tsang,emily.tsang@gmail.com,12349877,2024-04-20 14:23:27,2025-04-10 11:11:45,basic
35221394-7643-41df-96bf-3f367d0e870d,Jason,Yu,jason_yu@yahoo.com.hk,15123679,2024-04-24 11:45:38,2025-04-05 09:33:22,basic
eb74b26c-2a05-4dc0-b6e7-b7c9be3d821e,Vivian,Li,vivian.li@netvigator.com,11875433,2024-04-28 17:12:19,2025-04-01 14:45:11,vip
0683a83f-43f5-494f-9a93-b139f5f74f25,Alex,Yeung,alex1988@gmail.com,14561239,2024-05-02 10:34:26,2025-04-09 17:22:33,basic
447e2753-c012-47aa-bd3c-64ab8067570e,Cindy,Tse,cindy.tse@hkbn.net,11234790,2024-05-06 13:56:33,2025-03-28 10:17:45,basic
9e87227a-c565-4ba5-aa09-98483e61f426,Benjamin,Ho,benjamin_ho@yahoo.com.hk,13456713,2024-05-10 16:17:42,2025-04-13 13:34:56,premium
398c2577-0c61-4bf3-8c39-be6df6d1c489,Selina,Tang,selina.tang@gmail.com,16781235,2024-05-14 09:23:15,2025-04-11 15:45:22,basic
c6f59f55-b3f4-4011-9868-cbd3f60939c1,Vincent,Yeung,vincent.yeung@outlook.com,12345672,2024-05-18 14:45:29,2025-04-02 18:22:44,basic
e4f71258-4f41-479a-a68b-3154bfe11492,Olivia,Lau,olivia_lau@yahoo.com.hk,14321988,2024-05-22 11:11:33,2025-04-07 09:11:19,vip
b1e51644-737e-42fd-a09c-be6d60141506,Calvin,Choi,calvin.choi@netvigator.com,15671235,2024-05-26 17:34:45,2025-04-15 12:33:28,basic
e302db0b-e909-4d21-b302-246a6e71f024,Tiffany,Lee,tiffany.lee@gmail.com,11234877,2024-05-30 10:56:22,2025-04-04 15:45:37,premium
3b2a3af9-be9c-41b7-b1b8-e7bfd0f578f8,Derek,Fung,derek_fung@yahoo.com.hk,17894513,2024-06-03 13:17:38,2025-03-30 17:22:45,basic
2c748c0b-0c3c-4e1c-8eac-bff655b7da94,Samantha,Wong,samantha.wong@outlook.com,13456790,2024-06-07 16:45:19,2025-04-12 10:11:33,basic
da87dfee-a2b6-4b70-91ea-505f1d0116c3,Adrian,Chan,adrianchan@gmail.com,16543219,2024-06-11 09:12:44,2025-04-08 13:23:19,vip
e74c13a5-ab1b-43d6-9820-d7ab9d1d0ff2,Wai Yan,Lee,waiyan.lee@yahoo.com.hk,11872346,2024-06-15 14:33:12,2025-04-05 16:45:28,basic
78fe5700-9825-4ff1-b5c2-40bd64da7a3c,Siu Chun,Cheung,siuchun87@gmail.com,11234569,2024-06-19 11:56:27,2025-04-14 09:33:41,premium
3d97f379-4ac9-4674-b005-0f36238a6d1d,Ching Man,Yip,chingman.yip@hkbn.net,18761433,2024-06-23 17:23:33,2025-04-03 12:22:17,basic
ae649f27-48a7-4370-8a17-5dea23cff3da,Ka Ming,Chan,kaming.chan@outlook.com,17891236,2024-06-27 10:45:45,2025-04-10 15:11:23,basic
2e88191f-3d56-4c06-bf5e-ba5275f236c9,Yat Ling,Lam,yatling_lam@yahoo.com.hk,16781236,2024-07-01 13:12:19,2025-03-29 17:34:45,vip
1461e4a9-3352-4f0c-9737-a92aa25192b7,Man Sze,Wong,mansze.wong@gmail.com,13451280,2024-07-05 16:34:37,2025-04-06 10:45:22,basic
527cdd3a-3c34-4399-849d-7b1ef7b19caa,Chi Keung,Lau,chikeung.lau@netvigator.com,12349878,2024-07-09 09:56:22,2025-04-11 13:33:11,basic
2a5a53e2-abff-48df-b16b-497ecd7661e2,Wai Kuen,Leung,waikuen_leung@yahoo.com.hk,15123680,2024-07-13 14:17:38,2025-04-07 16:12:33,premium
9b08adeb-535a-44ee-b05c-33b232308e79,Yuk Ying,Ng,yukying.ng@outlook.com,11875434,2024-07-17 11:45:12,2025-04-01 09:45:56,basic
88930dac-068d-47d0-be1b-c3b1540135ff,Hoi Lam,Tse,hoilam.tse@gmail.com,14561240,2024-07-21 17:23:29,2025-04-09 12:22:44,basic
0423ef1c-4296-4d27-98cd-b700f49099c6,Kin Fung,Ho,kinfung_ho@yahoo.com.hk,11234791,2024-07-25 10:11:43,2025-04-13 15:11:19,vip
d2ebd942-486f-4985-8788-ccaeee9cb713,Yuet Ling,Tang,yuetling.tang@hkbn.net,13456714,2024-07-29 13:34:19,2025-04-08 17:33:28,basic
343818a6-bd25-4096-be5f-8da223e30ea4,Chun Kit,Yeung,chunkit.yeung@gmail.com,16781236,2024-08-02 16:56:27,2025-04-02 10:45:37,premium
3196a06a-c4b6-44d8-9901-eb4e92d5c927,Wing Sze,Li,wingsze_li@yahoo.com.hk,12345673,2024-08-06 09:17:38,2025-03-31 13:22:45,basic
b576f2cd-2925-4b4c-8fa3-9f27ebb1fb53,Chi Chung,Lau,chichung.lau@outlook.com,14321989,2024-08-10 14:45:19,2025-04-14 16:11:33,basic
cf6c19b9-a2cf-44ee-8399-db28fad42e55,Mei Ling,Choi,meiling99@gmail.com,15671236,2024-08-14 11:12:44,2025-04-04 09:23:19,vip
64a4b5d5-5cbd-4126-899d-41c4de7e8815,Wai Ming,Lee,waiming.lee@netvigator.com,11234878,2024-08-18 17:33:12,2025-04-11 12:45:28,basic
1aa99635-6aab-4e04-9eca-e71eec9f7e98,Hiu Yan,Fung,hiuyan_fung@yahoo.com.hk,17894514,2024-08-22 10:56:27,2025-04-07 15:33:41,premium
9d24a5cd-fd02-4d1a-987a-4d78c5ddbde8,Siu Ming,Wong,siuwong2@gmail.com,13456791,2024-08-26 13:23:33,2025-04-03 17:22:17,basic
5bb63531-c1a1-4cf7-b047-8383c2570ca9,Kai Yuen,Chan,kaiyuen.chan@hkbn.net,16543220,2024-08-30 16:45:45,2025-04-10 10:11:23,basic
50c6c542-5cd1-47a5-9a35-1da75f6c59f8,Yuk Ching,Lam,yukching_lam@yahoo.com.hk,11872347,2024-09-03 09:12:19,2025-03-27 13:34:45,vip
6cfab2a9-2c08-48c7-8610-c3eb5cbecf0b,Man Ho,Cheung,manho.cheung@outlook.com,11234570,2024-09-07 14:34:37,2025-04-12 16:45:22,basic
f65818f3-1ef3-4f72-833b-ece64de37eb8,Shuk Ying,Yip,shukying.yip@gmail.com,18761434,2024-09-11 11:56:22,2025-04-05 09:33:11,basic
a1d1124d-162a-4edb-923e-2ed98ed30e4e,Wing Tak,Chan,wingtak_chan@yahoo.com.hk,17891237,2024-09-15 17:17:38,2025-04-08 12:12:33,premium
5cbbc662-bd13-4e54-9525-516053473dc1,Lai Kwan,Lam,laikwan.lam@netvigator.com,16781237,2024-09-19 10:45:12,2025-04-14 15:45:56,basic
28414cad-39a4-42fb-84ba-22e4b2db75d2,Chun Wai,Wong,chunwai.wong@gmail.com,13451281,2024-09-23 13:23:29,2025-04-01 18:22:44,basic
90e2ae45-2eaf-4a91-beda-2f89d1caca9c,Yin Ping,Lau,yinping_lau@yahoo.com.hk,12349879,2024-09-27 16:11:43,2025-04-09 11:11:19,vip
bf335fc7-9e03-4d3c-b1a4-b367cbe1e438,Siu Fung,Leung,siufung.leung@hkbn.net,15123681,2024-10-01 09:34:19,2025-04-06 14:33:28,basic
cf1c159e-4b5a-4cb3-b6f1-a16a034906e0,Mei Wah,Ng,meiwah.ng@outlook.com,11875435,2024-10-05 14:56:27,2025-04-03 17:45:37,premium
7ddc60ec-c65f-4364-8a92-81e19c936123,Wai Hung,Tse,waihung_tse@yahoo.com.hk,14561241,2024-10-09 11:17:38,2025-03-28 10:22:45,basic
fb304c70-2f0b-4f12-b2e7-ddd344d1c033,Ka Yee,Ho,kayee.ho@gmail.com,11234792,2024-10-13 17:45:19,2025-04-13 13:11:33,basic
b23575cb-e4a3-4ddf-9db1-ee08bf239ab7,Wing Kuen,Tang,wingkuen98@netvigator.com,13456715,2024-10-17 10:12:44,2025-04-07 16:23:19,vip
50ba92cc-a0c3-4117-98fe-8b298fa6affa,Sau Lin,Yeung,saulin_yeung@yahoo.com.hk,16781237,2024-10-21 13:33:12,2025-04-11 09:45:28,basic
8cba63f9-0f32-4cc3-9eec-026b6489382c,Chi Wai,Li,chiwai.li@outlook.com,12345674,2024-10-25 16:56:27,2025-04-02 12:33:41,premium
32a38190-4e6e-48de-b37e-bf9705e2ae91,Mei Sze,Lau,meisze.lau@gmail.com,14321990,2024-10-29 09:23:33,2025-04-09 15:22:17,basic
15e64585-46f5-4a3d-81a3-c14851f983d4,Kit Ying,Choi,kitying_choi@yahoo.com.hk,15671237,2024-11-02 14:45:45,2025-04-04 18:11:23,basic
ddb36126-3e5d-404d-8a6d-ed99f2d4f1a3,Wai Lam,Lee,wailam.lee@hkbn.net,11234879,2024-11-06 11:12:19,2025-03-29 11:34:45,vip
c93527f1-307f-4f4a-9d71-d1447586d80b,Tsz Ching,Fung,tszching.fung@gmail.com,17894515,2024-11-10 17:34:37,2025-04-12 14:45:22,basic
49f88615-cede-4189-a44f-d4fa105bf0b8,Yuen Shan,Wong,yuenshan_wong@yahoo.com.hk,13456792,2024-11-14 10:56:22,2025-04-05 17:33:11,premium
dcb49176-787c-48ff-bf52-23fdb4ef35a6,Kwok Wai,Chan,kwokwai.chan@outlook.com,16543221,2024-11-18 13:17:38,2025-04-08 10:12:33,basic
b00b04db-ab24-4263-8d98-fa393f731de0,Lai Fun,Lam,laifun.lam@netvigator.com,11872348,2024-11-22 16:45:12,2025-04-15 13:45:56,basic
28a42a9b-08b9-4196-b4c9-a9c3e255de44,Siu Hung,Cheung,siuhung_cheung@yahoo.com.hk,11234571,2024-11-26 09:23:29,2025-04-01 16:22:44,vip
824ac4aa-2faa-48c8-b5b6-bc88259e305e,Wing Tung,Yip,wingtung.yip@gmail.com,18761435,2024-11-30 14:11:43,2025-04-06 09:11:19,basic
9d10e18b-4960-4891-b03b-14189eb6cb29,Chun Ming,Chan,chunming.chan@hkbn.net,17891238,2024-12-04 11:34:19,2025-04-10 12:33:28,premium
f8458d4b-2465-4301-8ab1-0d812130b69c,Mei Yi,Lam,meiyi_lam@yahoo.com.hk,16781238,2024-12-08 17:56:27,2025-04-04 15:45:37,basic
9b5a7bb5-1d37-4f2f-950c-25db6a319075,Joseph,Wong,joseph.wong@gmail.com,13451282,2024-12-12 10:17:38,2025-03-30 18:22:45,basic
e953e660-b34b-42c1-b258-bcdadb62485c,Maggie,Lau,maggie.lau@outlook.com,12349880,2024-12-16 13:45:19,2025-04-14 11:11:33,vip
f3045ec9-33bc-499f-a4cd-98fe0acd72d9,Peter,Leung,peter_leung@yahoo.com.hk,15123682,2024-12-20 16:12:44,2025-04-07 14:23:19,basic
0db4fb7e-fff5-46e9-b796-4f41fa5ba062,Amy,Ng,amy.ng@netvigator.com,11875436,2024-12-24 09:33:12,2025-04-11 17:45:28,premium
41374426-29d7-4025-99fb-1167ab744705,Kevin,Tse,kevin.tse@gmail.com,14561242,2024-12-28 14:56:27,2025-04-03 10:33:41,basic
b57a41d5-6b84-4ef3-a6bc-4751784d3580,Chloe,Ho,chloe_ho@yahoo.com.hk,11234793,2025-01-01 11:23:33,2025-04-09 13:22:17,basic
5d35b332-bf7c-4d37-b2d2-ce026daa18d3,Wilson,Tang,wilson.tang@hkbn.net,13456716,2025-01-05 17:45:45,2025-04-12 16:11:23,vip
b2ee4a00-f50e-494f-ae3f-e86fd8b0e21f,Mandy,Yeung,mandy.yeung@outlook.com,16781238,2025-01-09 10:12:19,2025-03-27 09:34:45,basic
ca8890d8-4421-4696-be4c-6df84f625011,Chris,Li,chris_li@yahoo.com.hk,12345675,2025-01-13 13:34:37,2025-04-05 12:45:22,premium
0feebe74-ed50-4d75-bb7e-abc028bf9575,Nicole,Lau,nicole.lau@gmail.com,14321991,2025-01-17 16:56:22,2025-04-10 15:33:11,basic
c9d284e8-0f28-48a1-8784-af1b9419fba0,Henry,Choi,henry.choi@netvigator.com,15671238,2025-01-21 09:17:38,2025-04-07 18:12:33,basic
22458e03-2580-46dc-816c-90d7b823a134,Sophia,Lee,sophia_lee@yahoo.com.hk,11234880,2025-01-25 14:45:12,2025-04-13 11:45:56,vip
f33fc6f1-c439-4bc7-b3af-4e793ae26254,Gary,Fung,gary.fung@hkbn.net,17894516,2025-01-29 11:23:29,2025-04-08 14:22:44,basic
44ae89aa-1354-4727-950c-93f5ccf04160,Ivy,Wong,ivy.wong@outlook.com,13456793,2025-02-02 17:11:43,2025-04-01 17:11:19,premium
ddfaace5-2099-4eb1-a225-fc52e5f2d4e0,Ryan,Chan,ryan_chan@yahoo.com.hk,16543222,2025-02-06 10:34:19,2025-04-06 10:33:28,basic
463e3b46-06f3-44a1-96a5-433472db3bed,Natalie,Lam,natalie.lam@gmail.com,11872349,2025-02-10 13:56:27,2025-04-09 13:45:37,basic
443ea973-4b0e-4302-bc4e-e64286f5d32f,Terry,Cheung,terry.cheung@netvigator.com,11234572,2025-02-14 16:17:38,2025-04-04 16:22:45,vip
a17aba5d-759d-4fbd-9421-3b351139a777,Wendy,Yip,wendy_yip@yahoo.com.hk,18761436,2025-02-18 09:45:19,2025-04-12 09:11:33,basic
7b3e4337-79bb-4e5e-94f1-2c17a3eb9d21,Lucas,Chan,lucas.chan@hkbn.net,17891239,2025-02-22 14:12:44,2025-04-05 12:23:19,premium
1da87106-9993-4ff0-9d38-c1b6e2206a8c,Janice,Lam,janice.lam@outlook.com,16781239,2025-02-26 11:33:12,2025-03-28 15:45:28,basic
c911a1ca-d200-47f9-8ff6-8f9374fe2779,Johnny,Wong,johnny_wong@yahoo.com.hk,13451283,2025-03-02 17:56:27,2025-04-11 18:33:41,basic
dcbaed84-5e53-428b-9fd9-73a795531969,Fiona,Lau,fiona.lau@gmail.com,12349881,2025-03-06 10:23:33,2025-04-07 11:22:17,vip
c8efd73b-5890-43ba-9642-8da9837a3e8b,Simon,Leung,simon.leung@netvigator.com,15123683,2025-03-10 13:45:45,2025-04-13 14:11:23,basic
43504f62-2751-47ec-b07d-a467b978f6f8,Crystal,Ng,crystal_ng@yahoo.com.hk,11875437,2025-03-14 16:12:19,2025-04-02 17:34:45,premium
e5abd4aa-3da9-4d39-8811-263a04233f01,Leo,Tse,leo.tse@hkbn.net,14561243,2025-03-18 09:34:37,2025-04-08 10:45:22,basic
71800382-22e1-4afa-acf5-f9c103688994,Elaine,Ho,elaine.ho@gmail.com,11234794,2025-03-22 14:56:22,2025-04-04 13:33:11,basic
d1ea2690-5297-4d03-8fcf-9bf0dc3bc138,Jason,Tang,jason_tang@yahoo.com.hk,13456717,2025-03-26 11:17:38,2025-04-10 16:12:33,vip
fc3b2392-35f2-47ee-8c79-a59dbde90a43,Karen,Yeung,karen.yeung@outlook.com,16781239,2025-03-30 17:45:12,2025-04-05 09:45:56,basic
c3c5f1e9-1cb3-49e5-b510-ccb9fa1aacd4,Daniel,Li,daniel.li@netvigator.com,12345676,2025-04-03 10:23:29,2025-04-11 12:22:44,premium
c0a1ba0a-71a7-4cc5-b2ed-038def6e8a61,Zoe,Lau,zoe_lau@yahoo.com.hk,14321992,2025-04-07 13:11:43,2025-04-14 15:11:19,basic
8f2c2f43-9502-4b73-9bee-7c383b95592c,Matthew,Choi,matthew.choi@gmail.com,15671239,2025-04-11 16:34:19,2025-04-15 18:33:28,basic
4e6eee23-3e65-4a4e-9bc3-59b6fb1aac4c,Aurora,Lee,aurora.lee@hkbn.net,11234881,2025-04-15 09:56:27,2025-04-15 11:45:37,vip
aad54e47-5df0-4cea-a20c-a28b0783a320,Pak Hei,Liu,pakhei.liu@gmail.com,19872341,2024-01-17 08:23:45,2025-04-03 11:22:18,basic
0091615c-6340-4b5c-90a1-a2e8ecdaefdd,Man Tik,Kwok,mantik_kwok@yahoo.com.hk,17812345,2024-02-05 12:12:33,2025-04-04 08:45:32,premium
b2a74b53-e7a2-4bfb-87f7-65579c675aa5,Hei Lam,Ko,heilamko@outlook.com,13457890,2024-02-19 09:45:12,2025-04-07 19:34:21,basic
a8f08c58-e3df-4073-a618-43b9bcbbfaab,Lok Yin,Lui,lokyin.lui@gmail.com,11234567,2024-03-07 15:33:27,2025-03-31 12:12:45,basic
2852bb4b-0767-4715-82ac-738707bd3918,Chit Hang,Suen,chithang.suen@hkbn.net,18976123,2024-03-21 10:15:43,2025-04-08 15:23:11,vip
6a78964c-fa74-4462-894d-a55a54e98a0b,Shuk Man,Fan,shukman99@gmail.com,16781234,2024-04-02 13:22:18,2025-04-10 17:18:22,basic
0df899c0-f116-4f67-942e-2b3f7f682507,Wai Yin,Pun,waiyin.pun@netvigator.com,14321567,2024-04-18 08:56:32,2025-04-02 10:11:09,basic
179c713b-d3c9-4854-9f63-fdc88c4ed8f4,Ho Yin,Ma,hoyin_ma@yahoo.com.hk,89871234,2024-05-03 11:11:44,2025-03-29 09:45:28,premium
77c93826-b54d-42bf-9c4d-383c544f31e9,Yan Ting,Fok,yanting.fok@gmail.com,82349876,2024-05-15 17:23:09,2025-04-11 11:33:45,basic
c7609c17-f3f9-4647-b101-7b5ea4aa580e,Chun Hei,So,chunhei.so@outlook.com,85678123,2024-05-29 14:45:22,2025-03-26 14:22:37,basic
ba4bae6a-bff1-4c69-acb6-ee035b56272a,Hiu Tung,Kwan,hiutung_kwan@yahoo.com.hk,87654321,2024-06-13 10:34:17,2025-04-12 16:17:29,premium
8e34801c-d263-45c0-b65c-c65c9b8a753f,Yat Long,Kam,yatlong.kam@hkbn.net,89123456,2024-06-25 13:12:33,2025-04-05 08:45:11,basic
ad6fe42f-a166-456b-9719-ad35e79b9cc4,Man Hei,Hung,manhei.hung@gmail.com,85432198,2024-07-08 16:56:44,2025-04-10 13:22:56,basic
fa4aa4b1-7bd5-4df3-a2d2-5937be65ae70,Ngan Chu,Sin,nganchu1992@yahoo.com.hk,86789123,2024-07-22 12:18:29,2025-04-13 09:34:23,vip
64693fa9-bf22-45d1-bbaf-d7f7cc786b55,Hiu Man,Siu,hiuman.siu@netvigator.com,84567123,2024-08-05 08:45:12,2025-04-04 18:45:09,basic
22935037-0790-4f39-a937-33e467ea273b,Wai Sum,Wan,waisum.wan@gmail.com,82345678,2024-08-19 13:34:27,2025-04-09 11:11:11,basic
a5431dbd-cd95-48d9-bd7c-fae4807a0ca1,Lok Yi,Yuen,lokyi_yuen@yahoo.com.hk,89876543,2024-09-01 10:23:18,2025-04-14 15:27:33,premium
7ed2e006-2e9f-447c-add4-46e0dbcbe776,Wing Yan,Tong,wingyan.tong@outlook.com,86712345,2024-09-15 14:56:32,2025-03-30 10:08:44,basic
01b27d29-0482-45b1-a6d9-4ff157941592,Tsz Lok,Au,tszlok.au@gmail.com,83456789,2024-09-29 09:12:43,2025-04-08 16:33:22,basic
703e9994-20da-4f04-8c23-691974816c95,Wai Lam,Pang,wailam98@hkbn.net,88765432,2024-10-12 12:34:16,2025-04-03 09:45:17,vip
7ccf5ff8-a843-424d-80ef-c69b5e126264,Hoi Ki,Lui,hoiki.lui@gmail.com,85123456,2024-10-26 15:22:44,2025-04-12 14:11:29,basic
2f19e4af-2c75-415a-b71a-b3c690d5ef40,Mei Kei,Tong,meikei_tong@yahoo.com.hk,82187634,2024-11-08 09:45:19,2025-04-13 17:23:45,premium
1bfb7718-0133-4a39-9961-ff15a444bef4,Chun Yin,Shek,chunyin.shek@outlook.com,86781235,2024-11-21 13:11:22,2025-03-28 09:34:18,basic
a26cb9b7-e389-43d8-93e4-6b87df15a3ba,Yin Wah,Low,yinwah.low@gmail.com,89876123,2024-12-05 08:34:39,2025-04-14 12:45:33,basic
fede7447-dad3-46bd-aa61-f4d26f96f6a7,Wai Kei,Chu,waikei.chu@hkbn.net,84321897,2024-12-19 11:56:11,2025-04-09 16:56:22,premium
f31f8444-6941-4cd6-864c-d2302b7a4c95,Yuen Lam,Kung,yuenlam99@gmail.com,87654321,2025-01-02 14:23:27,2025-04-11 11:11:45,basic
c81bdcf5-f182-4644-a316-d79342e2c76d,Ka Lok,Chung,kalok_chung@yahoo.com.hk,82341678,2025-01-16 09:45:38,2025-04-06 09:33:22,basic
6e984131-b7e4-44c5-b651-d103efb9ed93,Mei Tung,Yau,meitung.yau@netvigator.com,86789234,2025-01-30 12:12:19,2025-04-02 14:45:11,vip
40b2ff7e-0ef8-4081-8339-33e7f63d0d89,Chin Man,Law,chinman.law@gmail.com,89871234,2025-02-12 15:34:26,2025-04-08 17:22:33,basic
68ca4e1b-bf81-43ba-91ae-856f23886f44,Hoi Shan,Chow,hoishan.chow@hkbn.net,83451789,2025-02-26 09:56:33,2025-03-27 10:17:45,basic
c3289935-5dbb-44de-8401-f91aa537617e,Wing Tung,Tsui,wingtung_tsui@yahoo.com.hk,86781298,2025-03-12 13:17:42,2025-04-15 13:34:56,premium
bc5ba483-0144-483d-a8de-9a7b12a9dc13,Lok Man,Yung,lokman.yung@gmail.com,82347891,2025-03-25 16:23:15,2025-04-12 15:45:22,basic
10cefc35-93ef-480f-9ca0-a8506a9e18c9,Bernice,Chiu,bernice.chiu@outlook.com,88761234,2025-04-08 10:45:29,2025-04-15 18:22:44,basic
765ce1d6-359b-405b-b015-894067e455fd,Tommy,Mak,tommy_mak@yahoo.com.hk,83456712,2025-04-15 14:11:33,2025-04-15 09:11:19,vip
00f43a92-1f52-439c-a8e8-8c0b0e27cc2c,Stephanie,Ip,stephanie.ip@hkbn.net,86782345,2024-01-19 09:34:45,2025-04-07 14:33:28,basic
770e517f-29ac-4f6f-ae86-40f96db744c4,Marcus,Lai,marcus.lai@gmail.com,89871456,2024-01-30 12:56:22,2025-04-03 17:45:37,premium
12148f85-0679-4ed3-826e-583eea3045a4,Cecilia,Sze,cecilia_sze@yahoo.com.hk,84326789,2024-02-11 15:17:38,2025-03-29 10:22:45,basic
dc6fa6b5-6def-4181-8b0c-3b8c760827b4,Oscar,Tam,oscar.tam@netvigator.com,82341678,2024-02-23 09:45:19,2025-04-15 13:11:33,basic
1032d7a0-406b-4536-b984-3989c67188d3,Miranda,Cheng,miranda.cheng@outlook.com,87896123,2024-03-06 13:12:44,2025-04-06 16:23:19,vip
39916892-6d64-45f1-93ec-a1cc8f1cd320,Gordon,Kwan,gordon_kwan@yahoo.com.hk,85432178,2024-03-18 16:33:12,2025-04-10 09:45:28,basic
6630e24f-b663-496c-98ed-bb8c04ce8364,Queenie,Sit,queenie.sit@gmail.com,86123498,2024-03-30 10:56:27,2025-04-01 12:33:41,premium
b7720830-2381-47b0-aeb4-abee49bc2085,Ernest,Kwong,ernest.kwong@hkbn.net,89872134,2024-04-11 14:23:33,2025-04-08 15:22:17,basic
492587b2-435b-4e83-8040-d4dc55adfa6c,Irene,Shum,irene_shum@yahoo.com.hk,83459876,2024-04-23 09:45:45,2025-04-05 18:11:23,basic
306984d6-967b-4fbe-9a6b-c95c4c5d4717,Larry,Wu,larry.wu@outlook.com,86781243,2024-05-05 12:12:19,2025-03-31 11:34:45,vip
56790a29-92c8-4f44-b957-34aa255ce362,Alice,Yim,alice.yim@gmail.com,84321987,2024-05-17 15:34:37,2025-04-13 14:45:22,basic
0676c12f-62d8-4e93-948d-26fcbf945021,Timothy,Mok,timothy_mok@yahoo.com.hk,88765439,2024-05-29 09:56:22,2025-04-04 17:33:11,premium
6f6e6f68-d318-4a03-8e33-8f8f79546599,Heidi,Siu,heidi.siu@netvigator.com,82346781,2024-06-10 13:17:38,2025-04-09 10:12:33,basic
0d5bd2e9-5d1e-4c8a-b82d-3e838928ae4b,Victor,Hung,victor.hung@hkbn.net,86789012,2024-06-22 16:45:12,2025-04-15 13:45:56,basic
526395f6-2d71-4dd9-bee6-3ff6cfea4323,Juliana,Chu,juliana_chu@yahoo.com.hk,89871236,2024-07-04 10:23:29,2025-04-02 16:22:44,vip
98d6217d-e903-444a-9961-d4a360a248dc,Samuel,Poon,samuel.poon@gmail.com,78765432,2024-07-12 11:22:33,2025-04-11 15:34:29,basic
e4f786c2-cec4-4eec-ab15-ca03ed28b098,Jennifer,Yam,jennifer_yam@yahoo.com.hk,76543217,2024-07-25 14:15:26,2025-04-08 08:45:11,premium
0d3fc29a-5ffe-44b0-82a5-bb1d0ce84946,Brian,Hui,brian.hui@netvigator.com,71234567,2024-08-09 09:33:42,2025-04-14 17:22:33,basic
cdadf08a-03b2-4798-9115-480c6a180131,Denise,Pun,denise.pun@outlook.com,78712345,2024-08-18 16:44:23,2025-04-04 10:14:56,basic
2511921a-9d59-46e5-a0d9-2299f84cc334,Howard,Sin,howard_sin@yahoo.com.hk,74567123,2024-08-27 10:18:55,2025-04-09 12:23:45,vip
51edf409-d319-4bf1-860c-10b1afb2b858,Isabella,Fok,isabella.fok@gmail.com,73456789,2024-09-05 13:25:11,2025-04-07 09:10:32,basic
37596c75-c091-46b7-a423-f0011dcc129e,Rex,So,rex.so@hkbn.net,77654321,2024-09-14 15:44:32,2025-04-12 14:33:27,premium
eac7d89e-44ae-401d-aee6-ff1a9d7ddf1d,Tracy,Kung,tracy_kung@yahoo.com.hk,75678123,2024-09-23 08:56:19,2025-03-29 16:45:21,basic
1c5cd69e-0bce-46f2-a4fd-58f967f248c6,Kelvin,Chiu,kelvin.chiu@gmail.com,72345678,2024-10-04 11:22:43,2025-04-01 10:22:18,basic
3fdee7cf-5cfd-4e26-a3df-59bd045bc673,Eunice,Lui,eunice.lui@netvigator.com,78765433,2024-10-16 14:33:55,2025-04-10 13:34:23,vip
e2fecb8a-f08b-4eb5-9524-e14bd24767c0,Andrew,Chow,andrew_chow@yahoo.com.hk,71234568,2024-10-28 09:45:17,2025-04-05 15:44:32,basic
554bc35d-7b8e-41a7-99c0-fcf62c9a15c7,Phyllis,Wu,phyllis.wu@outlook.com,76543218,2024-11-07 12:56:29,2025-04-15 18:22:45,premium
b7c1d2b9-0d5e-4a0d-9a6f-eee1bc1f1270,Dennis,Cheng,dennis.cheng@gmail.com,74567124,2024-11-19 15:11:34,2025-04-08 11:33:22,basic
e8d45a07-5df4-42ac-870f-5a000a174786,Vicky,Shum,vicky_shum@yahoo.com.hk,73456790,2024-12-01 10:23:46,2025-04-13 09:45:11,basic
0eb3a629-950a-430b-a8fa-4f6fc6d17794,Felix,Yau,felix.yau@hkbn.net,77654322,2024-12-12 13:34:58,2025-04-06 12:56:33,vip
992bfda8-a84d-4ed4-974b-65eb159b2735,Mabel,Chung,mabel.chung@gmail.com,75678124,2024-12-24 16:45:09,2025-04-11 14:11:45,basic
1d95c3d2-551a-4259-b920-775826a96a08,Tony,Mok,tony_mok@yahoo.com.hk,72345679,2025-01-05 09:56:21,2025-04-03 16:23:34,premium
0e5862f9-4cc0-4488-b796-e0490f1de485,Grace,Kam,grace.kam@netvigator.com,78765434,2025-01-17 12:11:33,2025-04-09 10:34:22,basic
6e97f606-d9de-45c3-bc7e-72e70b9433da,Ricky,Tam,ricky.tam@outlook.com,71234569,2025-01-29 15:22:45,2025-04-14 13:45:11,basic
1342df46-ac67-4190-a138-a1b33e0f68c7,Yolanda,Fu,yolanda_fu@yahoo.com.hk,76543219,2025-02-10 10:33:57,2025-04-07 15:56:33,vip
e70dc210-312c-46d2-8f74-0e8d2f2eec93,Ivan,Kwok,ivan.kwok@gmail.com,74567125,2025-02-22 13:44:09,2025-04-12 18:22:45,basic
fd0e7276-c03e-4a0d-926a-89cbf84aae9a,Kitty,Yip,kitty.yip@hkbn.net,73456791,2025-03-06 16:55:21,2025-04-01 09:33:34,premium
56eb44e1-c2cb-4954-84f0-92a8d7a8a4da,Philip,Hui,philip_hui@yahoo.com.hk,77654323,2025-03-18 09:11:33,2025-04-05 12:45:23,basic
773775ab-5ae7-4ead-b29b-9efb49c2ec1d,Daisy,Chong,daisy.chong@gmail.com,75678125,2025-04-01 12:22:45,2025-04-08 14:56:12,basic
f4689702-d3cd-4ee7-b4c5-c5958edcd449,Patrick,Lai,patrick.lai@netvigator.com,72345680,2025-04-13 15:33:57,2025-04-15 16:11:33,vip
